{
  "T-shirt/top": {
    "precision": 0.8779527559055118,
    "recall": 0.892,
    "f1-score": 0.8849206349206349,
    "support": 1000.0
  },
  "Trouser": {
    "precision": 0.991008991008991,
    "recall": 0.992,
    "f1-score": 0.991504247876062,
    "support": 1000.0
  },
  "Pullover": {
    "precision": 0.898406374501992,
    "recall": 0.902,
    "f1-score": 0.9001996007984032,
    "support": 1000.0
  },
  "Dress": {
    "precision": 0.9377510040160643,
    "recall": 0.934,
    "f1-score": 0.935871743486974,
    "support": 1000.0
  },
  "Coat": {
    "precision": 0.8759469696969697,
    "recall": 0.925,
    "f1-score": 0.8998054474708171,
    "support": 1000.0
  },
  "Sandal": {
    "precision": 0.985,
    "recall": 0.985,
    "f1-score": 0.985,
    "support": 1000.0
  },
  "Shirt": {
    "precision": 0.8179824561403509,
    "recall": 0.746,
    "f1-score": 0.7803347280334728,
    "support": 1000.0
  },
  "Sneaker": {
    "precision": 0.9544131910766246,
    "recall": 0.984,
    "f1-score": 0.9689807976366323,
    "support": 1000.0
  },
  "Bag": {
    "precision": 0.9762611275964391,
    "recall": 0.987,
    "f1-score": 0.9816011934361014,
    "support": 1000.0
  },
  "Ankle boot": {
    "precision": 0.9845837615621789,
    "recall": 0.958,
    "f1-score": 0.9711099847947289,
    "support": 1000.0
  },
  "accuracy": 0.9305,
  "macro avg": {
    "precision": 0.9299306631505123,
    "recall": 0.9305,
    "f1-score": 0.9299328378453827,
    "support": 10000.0
  },
  "weighted avg": {
    "precision": 0.9299306631505122,
    "recall": 0.9305,
    "f1-score": 0.9299328378453829,
    "support": 10000.0
  }
}