{
  "T-shirt/top": {
    "precision": 0.8500477554918816,
    "recall": 0.89,
    "f1-score": 0.8695652173913043,
    "support": 1000.0
  },
  "Trouser": {
    "precision": 0.9859437751004017,
    "recall": 0.982,
    "f1-score": 0.9839679358717435,
    "support": 1000.0
  },
  "Pullover": {
    "precision": 0.9069506726457399,
    "recall": 0.809,
    "f1-score": 0.8551797040169133,
    "support": 1000.0
  },
  "Dress": {
    "precision": 0.9208416833667334,
    "recall": 0.919,
    "f1-score": 0.91991991991992,
    "support": 1000.0
  },
  "Coat": {
    "precision": 0.8183437221727515,
    "recall": 0.919,
    "f1-score": 0.8657560056523788,
    "support": 1000.0
  },
  "Sandal": {
    "precision": 0.984984984984985,
    "recall": 0.984,
    "f1-score": 0.9844922461230615,
    "support": 1000.0
  },
  "Shirt": {
    "precision": 0.767467248908297,
    "recall": 0.703,
    "f1-score": 0.7338204592901879,
    "support": 1000.0
  },
  "Sneaker": {
    "precision": 0.9550342130987293,
    "recall": 0.977,
    "f1-score": 0.9658922392486406,
    "support": 1000.0
  },
  "Bag": {
    "precision": 0.9658536585365853,
    "recall": 0.99,
    "f1-score": 0.9777777777777777,
    "support": 1000.0
  },
  "Ankle boot": {
    "precision": 0.9806320081549439,
    "recall": 0.962,
    "f1-score": 0.9712266532054518,
    "support": 1000.0
  },
  "accuracy": 0.9135,
  "macro avg": {
    "precision": 0.9136099722461049,
    "recall": 0.9135,
    "f1-score": 0.912759815849738,
    "support": 10000.0
  },
  "weighted avg": {
    "precision": 0.913609972246105,
    "recall": 0.9135,
    "f1-score": 0.9127598158497378,
    "support": 10000.0
  }
}